<?xml version="1.0" encoding="UTF-8"?>
<beans:beans xmlns="http://www.springframework.org/schema/mvc"
	xmlns:xsi="http://www.w3.org/2001/XMLSchema-instance"
	xmlns:beans="http://www.springframework.org/schema/beans"
	xmlns:context="http://www.springframework.org/schema/context"
	xmlns:webflow-config="http://www.springframework.org/schema/webflow-config"
	xsi:schemaLocation="http://www.springframework.org/schema/mvc http://www.springframework.org/schema/mvc/spring-mvc.xsd
		http://www.springframework.org/schema/beans http://www.springframework.org/schema/beans/spring-beans.xsd
		http://www.springframework.org/schema/context http://www.springframework.org/schema/context/spring-context.xsd
		http://www.springframework.org/schema/webflow-config http://www.springframework.org/schema/webflow-config/spring-webflow-config.xsd">

	<!-- DispatcherServlet Context: defines this servlet's request-processing infrastructure -->
	
	<!-- Enables the Spring MVC @Controller programming model -->
	<annotation-driven />
	<context:component-scan base-package="com.meeting.controller" />
	<context:component-scan base-package="com.meeting.webflow" />
	
	<!-- Handles HTTP GET requests for /resources/** by efficiently serving up static resources in the ${webappRoot}/resources directory -->
	<resources mapping="/resources/**" location="/resources/" />


	

	<!-- Resolves views selected for rendering by @Controllers to .jsp resources in the /WEB-INF/views directory -->
	<beans:bean class="org.springframework.web.servlet.view.InternalResourceViewResolver">
		<beans:property name="prefix" value="/WEB-INF/views/" />
		<beans:property name="suffix" value=".jsp" />
	</beans:bean>
	
	
	
	
  	<beans:bean id="tilesViewResolver"   class="org.springframework.web.servlet.view.UrlBasedViewResolver">
        <beans:property name="viewClass" value="org.springframework.web.servlet.view.tiles3.TilesView" />
        <beans:property name="order" value="-2" />
	</beans:bean>
	
	
  	<beans:bean id="tilesViewResolvertest"
    class="org.springframework.web.servlet.view.tiles3.TilesViewResolver">
</beans:bean>
	
	
	
	<beans:bean id= "messageSource" class="org.springframework.context.support.ResourceBundleMessageSource">
   		<beans:property name="basenames" value="errormessages,messages"/> 
    	<!--  <beans:property name="defaultEncoding" value="UTF-8"/> -->
	</beans:bean>
	
	
	
	<beans:bean id="multipartResolver"  class="org.springframework.web.multipart.commons.CommonsMultipartResolver">
	  <beans:property name="maxUploadSize" value="10240000"/>
	<!--property name="restrictFileTypes" value="pdf"/--> 
	</beans:bean>
	
<!-- 
	<bean id="localeResolver" class="org.springframework.web.servlet.i18n.AcceptHeaderLocaleResolver"/>

 -->
	<!-- Used to handle Cookie or Session locale resolvers AUTOMATICALLY -->
	
	<interceptors>
 		<beans:bean class= "org.springframework.web.servlet.i18n.LocaleChangeInterceptor">
			<beans:property name="paramName" value="language"/>
	 	</beans:bean>	 	
 	</interceptors>
     <!-- 	name="paramName" value="language	this is the parameter that the interceptor looks for -->	

	<beans:bean id="localeResolver" class="org.springframework.web.servlet.i18n.SessionLocaleResolver">
		<beans:property name="defaultLocale" value="en_US"/>
	</beans:bean>

 
 <!-- 	
bean id="localeResolver" class="org.springframework.web.servlet.i18n.CookieLocaleResolver">
    <property name="defaultLocale" value="en"/>
</bean
	
 -->
 
 	<beans:bean id="validator" class="org.springframework.validation.beanvalidation.LocalValidatorFactoryBean">
		<beans:property name="validationMessageSource" ref="messageSource" />
	</beans:bean>
 
 	<beans:bean id="tilesConfigurer" class="org.springframework.web.servlet.view.tiles3.TilesConfigurer">
        <beans:property name="definitions">
            <beans:list>
                <beans:value>/WEB-INF/tiles/definitions/tile-definition.xml</beans:value>
            </beans:list>
        </beans:property>
	</beans:bean>
	
	 	
 
	

	

<!-- 	<webflow-config:flow-registry id="flowRegistry"	base-path="/WEB-INF/flows">
		<webflow-config:flow-location path="/checkout/checkout-flow.xml" />
	</webflow-config:flow-registry>
 -->	
 <beans:bean id="flowController"
    class="org.springframework.webflow.mvc.servlet.FlowController">
    <beans:property name="flowExecutor" ref="flowExecutor" />
</beans:bean>
 
	
	<webflow-config:flow-registry flow-builder-services="flowBuilderServices" 
									id="flowRegistry"	base-path="/WEB-INF/flows">
		<webflow-config:flow-location id="checkin" path="/checkin/checkin-flow.xml" />
 	</webflow-config:flow-registry>
 	
 	<webflow-config:flow-executor id="flowExecutor"	flow-registry="flowRegistry" />
 	
 	<beans:bean id="flowHandlerAdapter" class="org.springframework.webflow.mvc.servlet.FlowHandlerAdapter">
		<beans:property name="flowExecutor" ref="flowExecutor" />
	</beans:bean>
	

	<!-- Maps request paths to flows in the flowRegistry;
	e.g. a path of /hotels/booking looks for a flow with id "hotels/booking" -->
	<beans:bean id="flowHandlerMapping" class="org.springframework.webflow.mvc.servlet.FlowHandlerMapping">
		<beans:property name="flowRegistry" ref="flowRegistry" />
	</beans:bean>

	
	<webflow-config:flow-builder-services view-factory-creator="mvcViewFactoryCreator" id="flowBuilderServices" validator="validator" />
	
	<beans:bean id="mvcViewFactoryCreator"
    class="org.springframework.webflow.mvc.builder.MvcViewFactoryCreator">
    <beans:property name="viewResolvers" ref="tilesViewResolvertest"></beans:property>
</beans:bean>
	
	<interceptors>
		<interceptor>
        	<mapping path="/**"/>
        	<beans:bean class="com.meeting.interceptor.VolunteerInterceptor" />
    	</interceptor>	 			
	</interceptors>
	<!-- 
	<beans:bean id="urlMapping"
    class="org.springframework.web.servlet.handler.SimpleUrlHandlerMapping">
    <beans:property name="mappings">
        <beans:props>
            <beans:prop key="/flow/**/*.html">
                flowController
            </beans:prop>
            <beans:prop key="/**/*.html">viewController</beans:prop>
        </beans:props>
    </beans:property>
    <beans:property name="order" value="1" />
</beans:bean> -->
	
	
</beans:beans>
