<?xml version="1.0" encoding="UTF-8" ?>
<!DOCTYPE tiles-definitions PUBLIC "-//Apache Software Foundation//DTD Tiles Configuration 3.0//EN" 
	"http://tiles.apache.org/dtds/tiles-config_3_0.dtd">

<tiles-definitions>
	
	<definition name="baseLayout" template="/WEB-INF/tiles/template/classicLayout.jsp">
		<put-attribute name="title" value="Sample Title" />
		<put-attribute name="heading" value="/WEB-INF/tiles/template/header.jsp" />
 		<put-attribute name="tagline" value="" />
 		<put-attribute name="navigation" value="/WEB-INF/tiles/template/navigation.jsp" />
		<put-attribute name="body" value="" />
		<put-attribute name="footer" value="/WEB-INF/tiles/template/footer.jsp" />
	</definition>

 	<definition name="home" extends="baseLayout">
		<put-attribute name="title" value="Welcome" />
		<put-attribute name="tagline" value="Welcome" />
 		<put-attribute name="body" value="/WEB-INF/views/home.jsp" />
	</definition>
	
	<definition name="products" extends="baseLayout">
		<put-attribute name="title" value="Products" />
		<put-attribute name="heading" value="Products" />
		<put-attribute name="tagline" value="Available Products" />
		<put-attribute name="body" value="/WEB-INF/views/payment.jsp" />
	</definition>
	
	<definition name="product" extends="baseLayout">
		<put-attribute name="title" value="Product" />
		<put-attribute name="heading" value="Products" />
		<put-attribute name="tagline" value="Product" />
		<put-attribute name="body" value="/WEB-INF/views/product.jsp" />
	</definition>
	
	<definition name="addProduct" extends="baseLayout">
		<put-attribute name="title" value="Products" />
		<put-attribute name="heading" value="Products" />
		<put-attribute name="tagline" value="Product" />
		<put-attribute name="body" value="/WEB-INF/views/addProduct.jsp" />
	</definition>
	
	<definition name="login" extends="baseLayout">
		<put-attribute name="title" value="Login" />
<!-- 		<put-attribute name="heading" value="Login" />
 -->		<put-attribute name="tagline" value="Enter your Credentials" />
		<put-attribute name="body" value="/WEB-INF/views/login.jsp" />
	</definition>
	
	<definition name="cart" extends="baseLayout">
		<put-attribute name="title" value="Shopping Cart" />
		<put-attribute name="heading" value="Cart" />
		<put-attribute name="tagline" value="your shopping cart" />
		<put-attribute name="body" value="/WEB-INF/views/cart.jsp" />
	</definition>
	 	
	<definition name="productNotFound" extends="baseLayout">
		<put-attribute name="title" value="Product Exception" />
 		<put-attribute name="body" value="/WEB-INF/views/productNotFound.jsp" />
	</definition>
	<definition name="startReservation" extends="baseLayout">
		<put-attribute name="title" value="ReservationDetail" />
 		<put-attribute name="body" value="/WEB-INF/tiles/template/startReservation.jsp"/>
	</definition>
	
	<definition name="datePickerPage" extends="baseLayout">
		<put-attribute name="title" value="Select a date" />
 		<put-attribute name="body" value="/WEB-INF/tiles/template/datePicker.jsp"/>
	</definition>
	
	<definition name="venueList" extends="baseLayout">
		<put-attribute name="title" value="Choose venue and hall" />
 		<put-attribute name="body" value="/WEB-INF/tiles/template/Venuelist.jsp"/>
	</definition>
	
	<definition name="detailPage" extends="baseLayout">
		<put-attribute name="title" value="Details" />
 		<put-attribute name="body" value="/WEB-INF/tiles/template/VenueDetails.jsp"/>
	</definition>
	
	<definition name="reservation" extends="baseLayout">
		<put-attribute name="title" value="Reservation" />
 		<put-attribute name="body" value="/WEB-INF/tiles/template/reservation.jsp"/>
	</definition>
	
	<definition name="payment" extends="baseLayout">
		<put-attribute name="title" value="Payment" />
 		<put-attribute name="body" value="/WEB-INF/tiles/template/Payment.jsp"/>
	</definition>
	
	<definition name="thankYou" extends="baseLayout">
		<put-attribute name="title" value="ThankYou" />
 		<put-attribute name="body" value="/WEB-INF/tiles/template/thankYou.jsp"/>
 		</definition>
	<definition name="reservationDetail" extends="baseLayout">
		<put-attribute name="title" value="ReservationDetail" />
 		<put-attribute name="body" value="/WEB-INF/tiles/template/reservationDetail.jsp"/>
	</definition>
	<definition name="reservationHistory" extends="baseLayout">
		<put-attribute name="title" value="ReservationHistory" />
 		<put-attribute name="body" value="/WEB-INF/tiles/template/reservationHistory.jsp"/>
	</definition>

	<definition name="loginSuccess" extends="baseLayout">
		<put-attribute name="title" value="Welcome" />
 		<put-attribute name="body" value="/WEB-INF/tiles/template/loginSuccess.jsp"/>
	</definition>
	
	<definition name="customer" extends="baseLayout">
		<put-attribute name="title" value="Welcome" />
 		<put-attribute name="body" value="/WEB-INF/views/customer.jsp"/>
	</definition>
	
	 	
</tiles-definitions>